5009,http://imgur.com/LaxDs5R
2696,http://imgur.com/O88SO1D
1076,https://i.reddituploads.com/0097f082ba234da0a2f5e2cb87aec8c8?fit=max&h=1536&w=1536&s=969197fb9c72373f618a0c1b6ecb71f9
1827,http://i.imgur.com/6BjDmof.jpg
1046,http://imgur.com/vHHgJ77
1422,https://i.reddituploads.com/0d85af629443467b940ae74819f39662?fit=max&h=1536&w=1536&s=ec61b09ebd3498941f82359ae7f291ac
1479,http://imgur.com/wFH51hc
1552,https://i.reddituploads.com/568fc69d457e4f759da3126b9082cd0b?fit=max&h=1536&w=1536&s=4489583052146ecbe201a7fd8465a789
764,http://i.imgur.com/xN90MAg.jpg
535,https://i.reddituploads.com/a68d8ee711764e76884cd849695ee7be?fit=max&h=1536&w=1536&s=9d605dc7335da29e732f555c933a185a
5621,http://imgur.com/K0kyqmd
453,http://i.imgur.com/HPx0Y8a.jpg
4459,http://imgur.com/ccOhrFo
395,https://i.reddituploads.com/b7b37fff63a845d5ae9ac3d36824adc6?fit=max&h=1536&w=1536&s=473e22ca2c2e49d03c808eb5731f4570
531,https://i.imgur.com/h7ghMTU.jpg
216,http://imgur.com/dpMmEYW
3054,https://i.reddituploads.com/e1a28d64b63447d1b1f1eaaee9e482e7?fit=max&h=1536&w=1536&s=569f4a629fad4b09616452a23040bd34
3039,https://i.reddituploads.com/7fff9a27df364fc6ac9d24760d424182?fit=max&h=1536&w=1536&s=cff3b68f017b5b27a482299658c1c4f0
406,https://www.reddit.com/r/me_irl/comments/55cpv6/me_irl/
109,https://www.reddit.com/r/me_irl/comments/55ea0w/me_irl/
337,https://www.reddit.com/r/me_irl/comments/55ctw6/me_irl/
1632,http://i.imgur.com/9Pn2K1d.jpg
197,http://imgur.com/MJH2w40
1226,https://www.reddit.com/r/me_irl/comments/55bh6h/me_irl/
173,http://imgur.com/BmfgnZc
1734,http://i.imgur.com/tSol3FG.jpg
741,http://imgur.com/dHDygfR.jpg
4978,https://i.reddituploads.com/23f640e7421a4c5990a0d3ef75f896f2?fit=max&h=1536&w=1536&s=2641eb9048d65cbc3f55efa3f21c1afc
428,http://i.imgur.com/PDNpFm8.jpg
207,https://www.reddit.com/r/meirl/comments/55eaq9/meirl/
287,http://i.imgur.com/NzWX2rG.gifv
291,https://i.reddituploads.com/64d23de214db4e518cc5a95b019afc79?fit=max&h=1536&w=1536&s=357e963fd2f5944628198cbfdea207ca
1293,http://imgur.com/OAX6L2d.jpg
426,https://imgur.com/q9ier3b.jpg
45,http://i.imgur.com/lDW1g97.png
74,https://i.reddituploads.com/0fb698bb6884409a8c9cf817b64919f8?fit=max&h=1536&w=1536&s=efbbe702088670ab725499cc6af8269f
93,http://m.imgur.com/bGJubFt.jpg
156,http://i.imgur.com/iSjJmYk.jpg
76,https://www.reddit.com/r/meirl/comments/55deiz/me_irl/
37,https://www.reddit.com/r/meirl/comments/55eehg/me_irl/
37,https://i.reddituploads.com/632ec11a9d344e93aac8f6ca7c3cd89f?fit=max&h=1536&w=1536&s=bfe882013c1ed871a8de1d8e31d00ffc
48,https://i.reddituploads.com/b725669f3e654e859d988c1179c98548?fit=max&h=1536&w=1536&s=7f2a0f722d1973c0446578a1877d19a2
50,https://www.reddit.com/r/meirl/comments/55dhtg/meirl/
39,http://i.imgur.com/tI1vZ8v.jpg
23,https://s-media-cache-ak0.pinimg.com/736x/f6/c5/20/f6c520fed5f4d63f0de167427c612e6e.jpg
740,https://67.media.tumblr.com/8466add5d16a4b3f252eb2066caa2cf1/tumblr_o3x4f1gaxd1ugdf1bo1_1280.jpg
403,http://i.imgur.com/HeK5nay.jpg
76,https://imgur.com/2U8A716.jpg
22,http://i.imgur.com/Npmq9ye.png
5686,http://i.imgur.com/xjmE3yb.jpg