1681,http://imgur.com/vHHgJ77.jpg
3161,http://imgur.com/O88SO1D.jpg
1855,https://i.reddituploads.com/0d85af629443467b940ae74819f39662?fit=max&h=1536&w=1536&s=ec61b09ebd3498941f82359ae7f291ac.jpg
2108,http://i.imgur.com/6BjDmof.jpg
1807,http://imgur.com/wFH51hc.jpg
1938,https://i.reddituploads.com/568fc69d457e4f759da3126b9082cd0b?fit=max&h=1536&w=1536&s=4489583052146ecbe201a7fd8465a789.jpg
1063,http://i.imgur.com/xN90MAg.jpg
710,https://i.reddituploads.com/a68d8ee711764e76884cd849695ee7be?fit=max&h=1536&w=1536&s=9d605dc7335da29e732f555c933a185a.jpg
597,http://i.imgur.com/HPx0Y8a.jpg
365,http://imgur.com/dpMmEYW.jpg
5623,http://imgur.com/K0kyqmd.jpg
533,https://i.reddituploads.com/b7b37fff63a845d5ae9ac3d36824adc6?fit=max&h=1536&w=1536&s=473e22ca2c2e49d03c808eb5731f4570.jpg
4486,http://imgur.com/ccOhrFo.jpg
137,http://imgur.com/Op81zxn.jpg
615,https://i.imgur.com/h7ghMTU.jpg
3146,https://i.reddituploads.com/e1a28d64b63447d1b1f1eaaee9e482e7?fit=max&h=1536&w=1536&s=569f4a629fad4b09616452a23040bd34.jpg
3122,https://i.reddituploads.com/7fff9a27df364fc6ac9d24760d424182?fit=max&h=1536&w=1536&s=cff3b68f017b5b27a482299658c1c4f0.jpg
160,https://i.reddituploads.com/43d6ca3c603e4df18e418344bbbffa0d?fit=max&h=1536&w=1536&s=a7272b38b6dc0095996d59b0a0da8bdf.jpg
252,http://imgur.com/MJH2w40.jpg
133,http://imgur.com/xVaCZVT.jpg
77,http://i.imgur.com/qupxJYw.jpg
3038,http://i.imgur.com/tSol3FG.jpg
1071,http://imgur.com/dHDygfR.jpg
594,http://i.imgur.com/PDNpFm8.jpg
5010,https://i.reddituploads.com/23f640e7421a4c5990a0d3ef75f896f2?fit=max&h=1536&w=1536&s=2641eb9048d65cbc3f55efa3f21c1afc.jpg
329,https://i.reddituploads.com/64d23de214db4e518cc5a95b019afc79?fit=max&h=1536&w=1536&s=357e963fd2f5944628198cbfdea207ca.jpg
67,http://i.imgur.com/lDW1g97.png.jpg
442,https://imgur.com/q9ier3b.jpg
1309,http://imgur.com/OAX6L2d.jpg
91,https://i.reddituploads.com/0fb698bb6884409a8c9cf817b64919f8?fit=max&h=1536&w=1536&s=efbbe702088670ab725499cc6af8269f.jpg
111,http://m.imgur.com/bGJubFt.jpg
53,https://i.reddituploads.com/632ec11a9d344e93aac8f6ca7c3cd89f?fit=max&h=1536&w=1536&s=bfe882013c1ed871a8de1d8e31d00ffc.jpg
177,http://i.imgur.com/iSjJmYk.jpg
35,https://s-media-cache-ak0.pinimg.com/736x/f6/c5/20/f6c520fed5f4d63f0de167427c612e6e.jpg
62,https://i.reddituploads.com/b725669f3e654e859d988c1179c98548?fit=max&h=1536&w=1536&s=7f2a0f722d1973c0446578a1877d19a2.jpg
52,http://i.imgur.com/tI1vZ8v.jpg
29,http://i.imgur.com/Npmq9ye.png.jpg
82,https://imgur.com/2U8A716.jpg
759,https://67.media.tumblr.com/8466add5d16a4b3f252eb2066caa2cf1/tumblr_o3x4f1gaxd1ugdf1bo1_1280.jpg
424,http://i.imgur.com/HeK5nay.jpg
29,https://i.imgur.com/aS72Fuh.jpg
5261,http://i.imgur.com/vLfE73D.jpg
1826,https://i.reddituploads.com/3a33aa4fc6854ed5b611ca43a5f030f2?fit=max&h=1536&w=1536&s=eea89119659fba6ccb85cd4168e85b2a.jpg
2751,http://m.imgur.com/euqILi3.jpg
824,http://imgur.com/ZLabAAA.jpg
465,http://imgur.com/pmlaIud.jpg
807,http://imgur.com/dVZGSGe.jpg
298,http://i.imgur.com/JpMNuyS.jpg?1
214,http://imgur.com/HhOYDUJ.jpg
202,http://imgur.com/ancYJPr.jpg
5552,http://imgur.com/9BIlYSx.jpg
3272,https://i.reddituploads.com/984b45a28f7043249e3fa66d7e819e55?fit=max&h=1536&w=1536&s=4d4ea3372968263035cc20424371a737.jpg
247,http://i.imgur.com/SYsNS0J.jpg
217,https://i.imgur.com/JvGLM8g.jpg
115,https://i.reddituploads.com/9f800cd24e9d4762aabbe1c488401d24?fit=max&h=1536&w=1536&s=36c938a32766d1c6db3318d824f40b80.jpg
641,http://imgur.com/DFKaFwu.jpg
2688,http://imgur.com/EgLHEJ7.jpg
104,http://imgur.com/UCPqcqf.jpg
1759,http://imgur.com/g4eqIzA.jpg
4502,http://i.imgur.com/6ZWFIbi.jpg
581,http://i.imgur.com/qMkmOtW.jpg
5278,http://imgur.com/1Wdn4aS.jpg
214,http://i.imgur.com/sScXhjb.jpg
153,http://imgur.com/96vFtFn.jpg
145,https://i.imgur.com/zr5P5kq.jpg
139,http://imgur.com/PMrtAO0.jpg
117,http://imgur.com/KNCsGiv.jpg
118,http://imgur.com/TbrUQoV.jpg
115,http://i.imgur.com/vmuCmez.jpg
114,http://imgur.com/mqn7iKm.jpg
104,http://imgur.com/gallery/brwgR
104,http://imgur.com/up5c0xm.jpg
95,http://imgur.com/gallery/v9kd7U2/new
95,https://imgur.com/hQyOsS3.jpg
87,http://imgur.com/Mv7O2GA.jpg
87,https://i.imgur.com/TMLc8Mh.jpg
84,http://i.imgur.com/TDZNGVD.jpg
82,http://imgur.com/yGvFgmL.jpg
78,http://imgur.com/BGkvABW.jpg
76,http://i.imgur.com/tPQAn2S.jpg
71,https://i.imgur.com/cGYy6jY.jpg
69,http://imgur.com/vB8GTPx.jpg
65,https://imgur.com/a/uUmB5.jpg
65,http://i.imgur.com/2J6P43n.jpg
64,http://imgur.com/4EWPKNI.jpg
